<?xml version="1.0" encoding="UTF-8"?>
<config xmlns:xsi="http://www.w3.org/2001/XMLSchema-instance" xsi:noNamespaceSchemaLocation="urn:magento:framework:Acl/etc/acl.xsd">
    <acl>
        <resources>
            <resource id="Magento_Backend::admin">
                <resource id="Mirasvit_Giftr::giftr" title="Gift Registry" sortOrder="70">
                    <resource id="Mirasvit_Giftr::giftr_registry" title="Gift Registry" sortOrder="10"/>
                    <resource id="Mirasvit_Giftr::giftr_dictionary" title="Dictionaries" sortOrder="30">
                        <resource id="Mirasvit_Giftr::giftr_dictionary_type" title="Event Types" sortOrder="10"/>
                        <resource id="Mirasvit_Giftr::giftr_dictionary_priority" title="Item Priorities" sortOrder="20"/>
                        <resource id="Mirasvit_Giftr::giftr_dictionary_section" title="Registry Form Sections" sortOrder="30"/>
                        <resource id="Mirasvit_Giftr::giftr_dictionary_field" title="Registry Form Fields" sortOrder="40"/>
                    </resource>
                    <resource id="Mirasvit_Giftr::giftr_settings" title="Settings" sortOrder="40"/>
                </resource>
                <resource id="Magento_Backend::stores">
                    <resource id="Magento_Backend::stores_settings">
                        <resource id="Magento_Config::config">
                            <resource id="Mirasvit_Giftr::config_giftr" title="Mirasvit Giftr Section" sortOrder="1000"/>
                        </resource>
                    </resource>
                </resource>
            </resource>
        </resources>
    </acl>
</config>
