<?xml version="1.0"?>
<config xmlns:xsi="http://www.w3.org/2001/XMLSchema-instance"
        xsi:noNamespaceSchemaLocation="urn:magento:framework:ObjectManager/etc/config.xsd">
    <type name="Magento\Framework\View\Element\Message\MessageConfigurationsPool">
        <arguments>
            <argument name="configurationsMap" xsi:type="array">
                <item name="addGiftrComplexMessage" xsi:type="array">
                    <item name="renderer" xsi:type="const">\Magento\Framework\View\Element\Message\Renderer\BlockRenderer::CODE</item>
                    <item name="data" xsi:type="array">
                        <item name="template" xsi:type="string">Mirasvit_Giftr::messages/addGiftrComplexMessage.phtml</item>
                    </item>
                </item>
            </argument>
        </arguments>
    </type>
    <type name="Magento\Checkout\Model\Cart">
        <plugin name="ValidateCartAddAction" sortOrder="1" type="Mirasvit\Giftr\Model\Plugin\Checkout\Cart"/>
    </type>
    <type name="Mirasvit\Giftr\Block\Registry\Form">
        <arguments>
            <argument name="layoutProcessors" xsi:type="array">
                <item name="registryFormProcessor" xsi:type="object">\Mirasvit\Giftr\Block\Registry\FormLayoutProcessor</item>
            </argument>
        </arguments>
    </type>
</config>