<?xml version="1.0"?>
<config xmlns:xsi="http://www.w3.org/2001/XMLSchema-instance"
        xsi:noNamespaceSchemaLocation="urn:magento:framework:ObjectManager/etc/config.xsd">

    <type name="Magento\Framework\Authorization">
        <plugin name="giftRegistrantAuthorization" type="Mirasvit\Giftr\Model\Plugin\GiftRegistrantAuthorization" />
    </type>

    <type name="Magento\Authorization\Model\CompositeUserContext">
        <arguments>
            <argument name="userContexts" xsi:type="array">
                <item name="giftRegistrantUserContext" xsi:type="array">
                    <item name="type" xsi:type="object">Mirasvit\Giftr\Model\Authorization\GiftRegistrantSessionUserContext</item>
                    <item name="sortOrder" xsi:type="string">50</item>
                </item>
            </argument>
        </arguments>
    </type>

</config>
